{
  "MDVP:Fo": {
    "mean": 153.4346153846154,
    "std": 40.148346140772105,
    "min": 88.333,
    "max": 260.105
  },
  "MDVP:Fhi": {
    "mean": 194.78835897435894,
    "std": 88.65983266264703,
    "min": 102.145,
    "max": 592.03
  },
  "MDVP:Flo": {
    "mean": 114.13936538461537,
    "std": 41.69199489942184,
    "min": 65.476,
    "max": 239.17
  },
  "MDVP:Jitter(%)": {
    "mean": 0.006469871794871795,
    "std": 0.0052207544384543095,
    "min": 0.00168,
    "max": 0.03316
  },
  "MDVP:Jitter(Abs)": {
    "mean": 4.5532051282051295e-05,
    "std": 3.679106285565358e-05,
    "min": 7e-06,
    "max": 0.00026
  },
  "MDVP:RAP": {
    "mean": 0.0034521794871794874,
    "std": 0.003210719284951382,
    "min": 0.00068,
    "max": 0.02144
  },
  "MDVP:PPQ": {
    "mean": 0.003584358974358975,
    "std": 0.0029685261774168685,
    "min": 0.00092,
    "max": 0.01958
  },
  "Jitter:DDP": {
    "mean": 0.010357371794871796,
    "std": 0.009632463880037656,
    "min": 0.00204,
    "max": 0.06433
  },
  "MDVP:Shimmer": {
    "mean": 0.03097602564102564,
    "std": 0.019979972141336268,
    "min": 0.00954,
    "max": 0.11908
  },
  "MDVP:Shimmer(dB)": {
    "mean": 0.2953782051282052,
    "std": 0.20769033108825183,
    "min": 0.085,
    "max": 1.302
  },
  "Shimmer:APQ3": {
    "mean": 0.016318397435897438,
    "std": 0.010734332918305592,
    "min": 0.00455,
    "max": 0.05647
  },
  "Shimmer:APQ5": {
    "mean": 0.018597179487179486,
    "std": 0.01261846692072071,
    "min": 0.0057,
    "max": 0.0794
  },
  "MDVP:APQ": {
    "mean": 0.02532801282051282,
    "std": 0.018200330562645813,
    "min": 0.00719,
    "max": 0.13778
  },
  "Shimmer:DDA": {
    "mean": 0.04895519230769231,
    "std": 0.03220257768530964,
    "min": 0.01364,
    "max": 0.16942
  },
  "NHR": {
    "mean": 0.026613717948717943,
    "std": 0.04401308267360136,
    "min": 0.00065,
    "max": 0.31482
  },
  "HNR": {
    "mean": 21.683121794871795,
    "std": 4.610130856843142,
    "min": 8.441,
    "max": 33.047
  },
  "RPDE": {
    "mean": 0.500808891025641,
    "std": 0.10305053267647282,
    "min": 0.25657,
    "max": 0.685151
  },
  "DFA": {
    "mean": 0.7189575320512821,
    "std": 0.054937346032037655,
    "min": 0.574282,
    "max": 0.825288
  },
  "spread1": {
    "mean": -5.678806307692308,
    "std": 1.0743850539478066,
    "min": -7.964984,
    "max": -2.434031
  },
  "spread2": {
    "mean": 0.22664860256410263,
    "std": 0.08063692594409734,
    "min": 0.006274,
    "max": 0.450493
  },
  "D2": {
    "mean": 2.3939840384615385,
    "std": 0.40074696081068234,
    "min": 1.423287,
    "max": 3.671155
  },
  "PPE": {
    "mean": 0.20957430128205126,
    "std": 0.09052055070700937,
    "min": 0.044539,
    "max": 0.527367
  }
}