{
  "logistic_regression": {
    "accuracy": 0.820513,
    "recall": 0.827586,
    "f1": 0.872727
  },
  "knn": {
    "accuracy": 0.974359,
    "recall": 1.0,
    "f1": 0.983051
  },
  "svm": {
    "accuracy": 0.897436,
    "recall": 0.931034,
    "f1": 0.931034
  },
  "decision_tree": {
    "accuracy": 0.794872,
    "recall": 0.827586,
    "f1": 0.857143
  },
  "random_forest": {
    "accuracy": 0.923077,
    "recall": 0.965517,
    "f1": 0.949153
  },
  "gradient_boosting": {
    "accuracy": 0.948718,
    "recall": 0.965517,
    "f1": 0.965517
  },
  "xgboost": {
    "accuracy": 0.948718,
    "recall": 0.965517,
    "f1": 0.965517
  }
}